car_id,target_reg
P17494612l,56.03388354123676
N-1530212S,33.27172570693082
B-1154399t,33.62075261822649
F12725233R,36.623415551618194
l-1139189J,36.622207531128126
U75286923j,34.420853996042425
T-7479831o,30.013646725511336
B-1369793u,31.715343736726474
Y-1289786X,51.94560149348116
C29045893T,35.45917068282229
v-1730983R,32.88147406214993
I20727212Q,30.30993500384273
p48812438h,69.22220806738598
T-2633971l,50.88542094992602
V-9683916q,60.35412080649921
P68488505Z,34.89529033406027
W23907639f,60.89927298218609
A22674788w,34.42628500772523
y-1252277z,53.29473956670369
u21168983D,40.876534937242816
x12753662A,37.98212529855734
v-7435255a,39.304730650232784
E12421362P,37.130799907525315
J35738918W,33.049676989707265
T16973122B,32.80302621738067
p-5671458M,35.06008717730528
I68086031c,42.68697624992872
D69722395r,52.722661015070486
X10967418c,51.46913306551952
q-1489273f,35.693602161178035
C-1903701S,57.767276386614284
r11820515d,61.422005567885975
x12397432S,36.421069135890676
Q50389908q,61.89106628369686
B18597537S,27.60468069084973
S-9537522o,66.00330493720303
a10623296X,28.93080391220846
R28123139u,40.35102939467928
h-1451730v,34.662719015018105
d-1257449w,37.48525441422588
N11419190t,50.214050672291364
k63904133P,73.13200175459926
J92413639E,34.3720092792589
b-3875784F,72.44204828100494
f15183722K,38.459288599232885
c-1874297z,68.18049583969751
E16971328N,38.87263897259638
H18110876A,74.59173490800298
P-1301418D,58.47455679968191
b-9697936F,31.909782071871497
H-4258275m,30.974164349679175
H10655858l,32.311333590820155
w-1481290E,33.298713443769216
C40885722w,38.41901542748817
f15625319Q,56.66275892224748
B42019578p,34.25231422213369
T65731704H,35.03704619670632
e30424190o,51.6806065446737
w-1081221i,57.819027178347596
E48110445u,47.05144217145054
u73256394H,54.31626767530122
m17237645h,30.53828551257034
q-1403429B,75.44749875218497
E-1889080W,57.08403023441766
b-1781291I,31.81654849973239
P77959737c,37.166963744731035
h17474551u,72.917895840231
d17705773B,61.067526797980804
s-2080909j,55.03713234132726
N18448941g,25.69008554077444
P17953716g,33.656661523966264
i94781425U,31.917562098765053
L-2155385D,56.71003660090378
Q21449479D,35.658187797151854
z-1790906x,64.78543933184191
C-4338027c,73.44598665540306
F13621020y,31.235701527458662
P-1981563m,73.41687332111746
B20284663C,81.93759871531206
X-5672837D,28.943369402950495
f-8313064a,30.44185962249286
S16867324D,41.78663879895391
l81011564d,53.02936046702298
T-7878324V,29.90394212996024
X49290901c,31.308985645987654
N15373595s,39.85450600862434
g-1912309G,29.62255223723264
G23848056z,39.568036037283974
w-3530598y,33.10868350021247
s-4092655x,58.86726472173306
v60921451s,32.41644823196364
A-5309696c,85.60856002032193
a21437857o,32.529673403940606
r-2049651S,39.410294339608484
c48174687o,63.91899762804114
n57986901A,41.68376403955073
J43552505w,32.034322171853425
X69815445k,70.75082225229232
Y31463755z,58.85774434855642
C-1846243L,30.270004126627896
z10378875g,29.49308790088006
B-1843237q,36.36770083974499
I-8201538D,33.1446284365571
k-7853395L,48.98182389878567
H-3154020d,33.98468098606138
v11532085a,34.250371549256194
o-1004837T,36.51628570477778
E15850759P,71.33831973828077
S11046237d,24.554364748029585
i19615927E,51.16910784691822
h24674210l,44.72295394047055
j-1003273K,83.69585097010896
i18120580r,39.05927032950234
t35781257E,30.356730776737756
S-7977049s,34.89691278176794
H10411834F,56.802937382687794
o29701218V,32.918569523288014
E-1304820y,26.50812261166734
V56226787D,26.69331206376186
I-9571675o,30.324805030575305
a-1832317K,29.104315379540534
H-9271579x,57.97333302833548
H15689477U,75.1911191250858
J-8699353u,32.715482403035615
S-6497022N,35.09008396515844
g11521087z,33.416159619386846
Q-1114187O,35.13110213788178
a-1510716r,34.69978784901343
G12673775u,76.98359458289511
V-1604890W,31.685412734362483
o-8858693p,28.61758872806977
F84870593a,34.57964680384496
j17532274g,59.5890996273544
l-1283385g,28.099390338031426
s-2062095H,28.628166794514012
X13157100E,35.68623832251731
h-2273764e,62.296605195099744
B-2140476J,56.59714767697454
p-8263041e,52.26498809172499
Y-1681893d,59.066065271696544
w-1017091K,34.192109460295946
M-1236720D,34.01816455021679
I-7194770x,30.497885775767443
m13987388S,35.876446935093426
w17315089Z,49.509648222521704
f-1380237E,33.77148022050147
P10499796W,49.92508888610245
l-1844181l,55.24739031185351
g13957568L,40.023261840706084
R-5598576l,50.398547647283685
n59321309Q,33.806674588358305
R-1193631X,29.05694748885304
y-2178923H,51.819539801342174
m73284992F,32.30158103206463
Z-2537370X,81.62829340434831
t17276860j,56.491461536441264
y33047270r,30.53989365288122
b-9079908N,61.52107103955241
q92579907V,61.544537548459274
Z94669875T,57.785839862235875
M86375856k,61.84572469955944
c23067621B,36.40650200897102
L-1838617u,63.11879607218165
s-1063517N,30.641289509463505
x-1172003m,63.34960508509351
Q10654514V,27.57650331992133
A-3425095J,31.703793763250985
F-1854480x,52.35126772353821
C-1953190j,36.45355092209226
l41267361i,43.52511467908643
N90091958O,31.889550218264176
z20306091J,29.971497110264487
F94970727I,63.659013213738604
M14830267a,37.43275319566548
i-1101173g,37.02044823985642
l-7821340d,60.724195035683785
I18827052n,31.51067721180555
Z14111948t,39.235929479454036
T17415608q,61.09438859388224
R-1068057n,34.70963897773031
K-8915465U,29.209540688770055
f-2804472s,58.12948562942455
v-1578970y,35.628992905415885
Q14003835G,52.374539890636484
W14646068A,73.97860105062614
o-1593719v,32.39711166807562
C-4941408C,50.409996235622394
x-9374675c,34.510219237495164
l12294446D,79.83390002465313
p15777006h,26.875902683272077
w-8656872Z,53.574567319982975
D66928361D,35.79443040877268
p-3553707D,37.83619764397985
M10807027o,29.78798857866152
g12484323a,33.01226670543648
Z-8212382G,72.92218588782117
u79013135M,38.11714166687613
m28011734J,34.373821061358896
C-2143786U,31.34186588589456
x-2141235A,34.95257369974205
b44994738S,46.30510920102116
J44930122W,28.68737657663021
g32852591N,80.4318868410538
G85830221c,58.30999245199578
D10434254T,51.82850889525734
R-1143403S,38.250313364437446
N18887406C,24.497614890805398
v14387491a,54.54866081838207
a87403235S,36.09192832391993
I-1075712g,95.93363281451633
N-1087986g,76.47638561270955
y-6871732c,29.84696412579651
A96730234u,55.845347029943866
a22064292L,75.47570755175403
j-1774967Z,56.650214488259735
T83338145S,38.52250632013433
i21617445N,52.38627832840582
p-1641833m,33.366664635951636
z14656246B,56.416106981662395
G-1211626R,75.92565219485525
X12788823V,59.077457751905996
c-1552425b,29.68605187910559
w-2122585e,33.73701329554985
x11964154C,29.40382060847115
t20645918R,61.97461921202155
z13283849d,30.194215267115645
h11730518w,38.56798913599584
G19948827y,81.86797315522665
r43274910O,29.395764363135477
e-9096071i,31.537284117408717
d-8576748Q,26.76579733782704
z91796444U,39.02383497340304
F12654866z,50.40576689795474
w-1757702F,65.35641822015765
b-1234099Q,36.257531260444686
v21855739r,28.265535360950967
W-5904057t,45.20322630070557
e-9386234g,78.88003187152353
Q42074100L,52.56050758353267
g-4536331j,49.99961349916575
o65053979S,31.9182968964654
F-4400642b,26.923831437972456
X-2198546w,36.29819319242264
c11345351C,82.04057670588213
M-4222158J,48.0382278573892
t-8913790b,36.99174683206495
h-1723876L,58.54259910799528
b11565616J,32.992465987520156
s-1143093p,34.72851385448968
F-1742867J,65.29823736018379
H-1333142D,31.662856991653367
h-2832462V,71.04574937205165
n46152009j,25.75669227751781
A41423630m,81.30718865576057
w23811317g,28.21323226305259
v-3129503S,62.61110437938937
V-2109665o,28.684699131952346
i10002840y,35.31753722669363
A12420027c,75.40702859969645
Q-1710310B,36.71229456722028
k-5059454A,51.47620073076376
P78941617w,51.361827610838475
X84104929Z,54.32798982072918
O-5258966R,41.086141121133174
W23785130R,70.55299972798694
k64987032M,30.792417799230254
r-1560829H,39.60785903509409
O-1114284b,38.73182380709186
I-2189520Y,36.39526354477732
z73740510r,43.280713438526156
F-5963184s,29.787135333939744
F93749838u,30.58147011843857
d13287541C,30.490018720594684
n12600427T,45.975146738555495
R22962581A,49.92293769345292
m14976299n,76.80011186031832
K25148748I,37.12327295452439
F17991047v,31.62686141163893
U10000525B,41.48400937448456
L-5185142t,56.567253897382514
E22476230A,44.73464475874061
y-1918667p,32.53297818291779
m-8421500s,78.08812354057719
i-6826693r,40.12232233851407
Q-6236402F,30.776299189268013
H13796940X,32.28802011793656
b12824965u,35.66244961274946
f25057132A,33.64263147302048
q12615606N,52.21095163904482
N-2546914l,69.62497882473838
A-9042233M,47.98945401290654
b28088953J,33.95709914925727
y12090800r,27.246214656829725
m-3254742y,37.17597236241026
T11166103f,64.72266229517922
B-1904262o,60.51905483975856
d-1638909M,49.719286479593286
P20002659z,35.867081084034076
O21101068n,68.58888065737294
I-2609382N,56.26682189441218
M18031243d,32.3089280600807
V81901707h,31.84127174880437
H-1873611C,29.551635155411095
I-4335350O,34.7670208231261
a-6685201O,40.12538698758491
S68517794A,62.56725009780628
a-5655175l,37.21288644140236
v16259071w,32.49845048879715
y21090823R,32.10112191045094
V16991777n,57.434939976451275
E-4001328d,44.758165599422604
o-3515102Q,28.968948373134534
j49593847v,52.8645623160953
m-1140624S,32.751070751552355
I96780719P,72.08242226813678
W16150857p,39.60475236581654
p10336196A,28.094761161720225
F-1966393f,31.35250239478594
R-5073928i,39.27579527069586
i-6078322g,58.82213563632763
R-1797279a,32.13235606565536
v-1632640v,54.065533481793764
b44358202J,71.09628832043833
v21606356V,60.45928775559396
a89412563P,40.352582741860786
C14874883N,64.32964929666252
j-2557842j,51.55167411303476
s-8312774q,30.597755147689785
Q83650998M,27.847101845317706
v-1742723N,55.95504339200072
S15039720Y,57.831360439881294
X-1387510G,32.11977706577195
H-2809672w,32.1216457859684
O16507727j,33.189641470816596
I-6505525c,51.69262645638737
E16516360g,42.40664902687565
r-3744124X,58.44039391889648
E-1660926L,29.61761991165168
W41114899Y,54.38743881331209
J-1224401g,28.90194569609131
z-4990028V,45.73113108813685
S17802902i,51.471811906121914
r-5223681u,41.79404450297394
y40186666v,28.118305414473912
X-7894537e,62.53338801983742
n18141460t,52.137459266109076
T-1846242d,41.609490448788534
l19641602B,36.34639470426387
Q20350184W,39.50520760618806
u19545404h,48.869839685002205
i-2125059a,30.24191848007033
u20670898G,58.6191107721135
E13629887e,50.53024311691731
j-8833751a,32.576862195352035
l-1270744J,32.011314686357935
a-1444445A,30.507989552264327
F13923646T,37.06346702510406
W15387724h,35.9421023498451
e10833227Z,74.54284108737126
O18707780M,34.869128870226376
s-1070927u,33.70040015748927
f13961290o,62.256303986824776
I-2258340t,77.01766437641649
Y-1108881y,36.39002893530349
C-2407162B,34.614446440750484
k-1021806U,38.440929994631375
B58815481j,27.824317348103712
Z-1497483y,66.9443320549448
m-2038148P,56.4619098920729
W20323505Z,72.4977505717365
h18172982Y,50.43793981689454
C-5107111N,27.049103923340997
T11570167i,34.70397784867494
E-2189846g,32.887780091077225
J-9051627R,30.832966458788448
k-1266231T,64.50306918441265
e-4843883N,35.308027459154985
V19603857b,32.99702671913219
a10075304B,80.46277676509149
j20806666W,69.11638922383608
p13183205N,27.284238301146306
F-1408164F,46.04473931288041
f16848135A,46.358853432792
m18276402k,37.01495829396241
O-4852964p,34.55050203912787
p-1032774f,26.90626115948795
K-2141030h,28.753437205407845
x33340734F,40.61779787327019
A-5539031E,92.20291180723122
K-2121488X,40.20418141854182
S-2104296W,30.550026161575957
V-4730687q,36.51844057661276
m-1018494E,46.075840615778965
f12953922O,28.532150913902345
a15606967c,36.58331211315262
T-2050577H,28.210174728280176
l21058873t,32.413694062706405
S54991647N,28.892605090345548
O-1778305H,49.72689014345854
r-9019459m,51.83691516742542
J-1701327Z,43.26511566099718
W-1085488J,31.26734006013237
H29930196K,29.92833636052617
t17442755k,49.456795579778664
N16782443w,34.02550396824172
G83616598P,64.98764092462659
q-7529997V,29.720916485742915
m-2601611a,40.59287808466222
r69432919t,28.347558027997078
J85546174E,35.89098983688726
F-1506247r,26.81761485544127
Y21723655j,48.98119493596342
Q15261602W,41.47605171689395
M11261740O,32.173517923948616
K50534665N,36.7674832852282
Y-1015822T,56.17499516357554
z-9596926C,58.88256455310663
T-8671431r,33.604059760852024
R-2077630y,53.85103869860788
I96387228J,34.72544228090866
z-9815533M,55.493596343008626
I15837837J,35.291551350099056
P56763603O,29.121640034469984
h-1396839K,29.409349781824904
r-1477676H,32.24150399488312
U42030492Z,30.70578611877124
h64108495H,30.503776110632593
l-8882948y,33.20603100617623
n-8099641m,30.973069052153285
f-1164209J,54.48897229105817
g-2072833K,31.574229159896596
R10631147V,35.83160579929334
d-1627526q,66.73537138290315
k-2116384m,50.70531846565712
y12532736D,32.22860301613934
S18268647a,32.81040870177255
D-1193769d,36.119807665379845
z49508882q,33.90407559448388
l13511253d,25.78270803657914
y11003726G,34.951808810881666
S55044905B,98.2452761253688
q-1419523q,63.1269052305276
i12167734p,73.73415165916627
n18966581A,33.806014434726734
s-2225812u,57.475467756165784
g99706283N,28.34291572717522
k-8065294L,60.636492774313226
D-3731198o,51.93257322153789
R-1511509a,36.01404183935731
W-1152410B,37.22149733304816
A-6746020J,52.53503220460524
i62564137B,38.222874478432566
V81342356X,38.39643711153387
m70884293y,69.67698838650412
T-1440241N,30.149493817534577
J16760665u,32.432947545098145
B30016393c,32.134564701967605
n10206436k,30.302147971413014
y15691728a,28.950643693718163
j-1923026R,30.80247854788802
p-2070685P,31.80265454785097
e22835001P,32.123510594791455
f-2044867Y,27.269815852010755
Q-1914888q,29.301647270421142
h-2696405T,57.97769873747835
G-1153171e,42.59726986982506
n-1502387M,61.50560149919506
y40441306G,38.59597187011319
B22246797F,61.45718652978769
s14991094w,36.31793198214485
a-1190397Y,36.162784482274446
i11542071C,52.24776158356934
l-2588047U,33.89133324186673
Q16201384v,31.671809747312118
w-7781882Z,27.870215357336676
s77766899D,41.213860951859075
z-1503313M,30.310880671260925
l52568818B,33.4514533246086
v-1508530W,56.30196117296297
m13083528W,31.655755478602998
z-1243195L,30.473709149045355
b18857695O,32.010124678579075
v-1905656K,57.194401393666865
P-6659279q,70.31942904079695
h13431746I,32.57486973121354
I71388786G,55.06437462755638
R-1701492N,54.83973860349141
y78999678J,53.770408953201795
a-1426275y,33.30298931700784
L84463953R,54.3733038660974
Z-2128621C,35.10428431490958
M18466047W,59.802086517742076
g21645452f,50.5793303036415
o-1663812b,28.06436564164599
Q-1984603t,33.651697704645784
q23501901h,60.67243335882307
d-5544396q,32.002681845871166
s-7084701f,31.78418263882424
g10084745U,48.67851150236944
D-9891385q,55.56886753617336
D11776354f,31.28430712552985
B18579200J,46.68659851406156
X73810314E,31.669181349914258
s-2223156w,59.3300220437662
D82568273x,31.524085602622577
k-1107234s,48.398891195368925
T-1805505r,85.87168988418915
u-5015974t,65.56524592037185
t-8201245H,30.354435973922996
X24084222O,36.69577004495616
K-1916013Q,30.750784747101235
J10576054I,35.64445556984732
g21476323Y,50.69091642784383
J22595982W,27.763733834498538
d15745111A,36.391212704458596
V20296571Z,29.157173457328483
t78589983m,36.9430071849975
R-6055154h,44.378606807395585
o-5397363T,57.17265624645284
y-1784222v,32.17439905734318
S-1513382W,59.08422286546128
g-5563252F,34.99422670766623
a-1166334r,56.252831136053715
Y21096922W,33.35000095606908
s10535398K,35.059363178541524
Z-5188222t,30.34584742678004
T22900577z,52.61606116983548
i10344980A,59.26283642980185
X-2263190K,25.303612144770664
a-2111343W,38.591327970367814
k-1183222H,26.675583263696087
x42906942Y,34.36673448709218
m16863308b,32.49118087532451
Z10247738u,37.30006254325795
i12798082E,35.7059780869332
C91514695x,48.10198972806374
h61870657i,56.321976803658494
C-8768079q,28.189720176431955
O-7894514e,51.376898169048005
Z-1926882U,52.816288242073476
N-3121550V,61.74565485914641
z-1254537O,31.104079033344192
u-1514787e,30.80169423804768
n-4360079R,53.88998648397438
O-2113046Z,35.91442751789414
d13819532H,26.10000553928979
d54261887d,33.36248398258363
P-2048739B,28.630432949177923
f-1825133R,44.71169395095406
q-9928373B,32.24572726574099
S29542128Q,69.25146218687502
J-1782910O,28.169917355715803
t17410389g,86.64364963006636
Z17995139Z,61.78885916314148
Z11671085y,57.30737329732007
D-7723622B,65.99150706509974
N-1539010p,59.143816222559586
u54154743P,63.054252379334166
j16845365O,61.28680808631342
k-1171716I,28.043054274563215
G81601770L,33.68185874428783
K-3529763Q,35.814783028011256
b-1404013d,30.659338632595492
O-1398534Y,30.216969011533802
l69679835h,32.9204605428212
G14568186a,59.926458325707074
a-9442555A,29.229490388103983
G-1689492g,32.96902054705376
W12690163c,37.764894491991406
l17843143j,26.15243432559906
Z76981204Y,47.95738179883876
b16524531u,30.414957032201556
P83526152o,59.071765987252675
z-4612131R,30.905644250407693
s50463458T,30.32021585357258
u12928592s,31.10371486584896
U-1897169L,65.1374935845516
j-1549044A,67.202286869981
Q87875664U,58.69746835460395
q13885185m,30.697677771068985
C16715520C,28.377701619055514
T-1727751h,54.82212326396359
m27082215N,33.94372954001046
e-8788520s,28.937126687694587
v36899226P,42.69901729836079
Y-2254716H,58.23647873435501
D-3425990U,39.74456071639267
b-1050475p,47.09880355820445
w-1941558Q,71.22135599133773
d-1134540I,54.37844131067617
K30520180u,26.780266266443903
q71640430n,38.9750108496376
y10948537e,30.878900533603034
a16152476X,44.31691893146881
F-7462902B,59.70526126079724
t-3967937s,33.571613827810296
o-1118236T,33.73043800452796
g-1760425A,40.93877559129078
b-5227653R,49.60425680448648
h-7408890w,31.964630849381173
K70391511e,38.95334923284016
V13438854p,37.50319625146941
g-1740147b,28.19309813329886
J-1324072f,52.79448828606769
g53382924v,33.30252608136522
x33005281c,27.21959476449612
e24148786o,45.75742775443609
I-1503695V,50.8189333967294
E58388206y,50.71090260867187
y13484815Y,68.9092985196338
R-2027359R,32.39292772684251
Z17729553x,33.02196476765968
H-1512213s,32.79381664675933
V-1552956h,44.34760030280799
H15345413o,34.64135156076762
w17370680J,28.362104574002025
J15476551r,47.65759699681754
c-2250495g,34.754797581681174
Z17599412A,34.99653252562765
v57643253w,31.70688952177396
V-5494479D,51.27726777939324
g-1126074r,27.95005909710047
Z80579540o,27.58363409940734
c-7272329q,40.732062099015764
z21450941n,37.33888434329398
k-2034944s,39.18330505003409
B-1760099A,37.96725049285003
a61936474Y,29.642128958759585
k86159975d,29.0659489942095
A10692422a,30.36133370370021
r11362699a,33.45035694604064
B-5479705C,69.63053040551907
I98930031r,38.739127573308515
Z-1084098i,26.530038623102612
b55045663j,37.3309896571038
h10096493s,30.63662227909106
n13675758u,60.310703192276605
v-1469151Y,26.33442242254722
R21100020a,37.50232122184696
H-1226800z,32.07055902229068
l13980749p,53.02824003918929
D-1518430R,73.61098626176793
h13825532e,49.403569788426545
Q18803510e,35.18130393946056
w69467024a,31.22642938050283
a16149566K,60.88060498815423
R10923215L,33.92782110804394
H15481815Q,30.82243294320559
C-5040526N,67.85007449841515
m-2182440Q,31.05364667853236
P-4006382C,27.310888761383207
Y-2235574M,48.454051709878314
H-1070903M,28.493575043078575
w16163650F,50.66747720573711
I21674635Q,32.88433009645516
Q-4587219M,28.452116902090253
N10540578u,32.16960366351706
w-9916167W,30.934993251988356
g-1742741c,32.08697971931153
n-1575803E,48.77269325364759
N31059484x,99.2348841865502
H-1342764P,29.01107175668948
X58767632q,29.7428783111617
S20355997J,55.64363190232814
q30806358i,48.216201868978075
W-1775855Q,62.26973142331206
j92079780S,28.393757533890696
f63189062N,27.636797225246763
x-1205366S,31.349898120597814
H-1902314v,34.06262701901184
f10226409O,26.42234897783264
Q-4235244W,27.584278883110077
P-1715787u,33.90916306156019
x-1532496K,29.84958209692499
s-1076835x,29.028445701718972
m76785981z,57.85654215252219
u-3215458S,31.054926400217887
H-1919071i,83.34367643634911
p-1139197T,33.66951689233227
R95310344Y,68.96900930803528
e22646530u,88.96483417683974
o49311084b,30.242678657458384
x99598782E,38.36299795509768
Q-8465743r,45.38332480984815
K13600113i,32.64565455470899
x55379265k,28.24048213411893
F-1518753o,62.146874021192986
e-2020384H,34.26238411414276
n-4605215n,54.10505803621892
q-4584627S,88.6641950446475
O78712164p,35.78576924067927
j-1598707G,49.41499623485179
d-1282472g,75.70319450016373
h-2287342p,44.093027226152095
s-7266626x,32.49345155699609
z-2843006O,31.47551768861333
m21557315K,31.52703857414787
j18870600U,52.87060628300424
H-7836096t,35.76922715761985
k19151173f,39.19309840083312
g-1280182Z,38.36102073835577
d-6211776r,33.03797715722824
u-1590555V,49.86718605312951
c-1204255L,30.3125950516674
f-8810014g,25.655225948287615
S11009197l,28.109764351751156
g-2087791I,38.23616250842003
V12754137r,53.10442799257531
T-1769393Z,41.17343782455214
I-1117298r,102.83149141290434
P90790412Q,31.872186295311177
c-7401486X,53.74963896228944
A21009715v,49.90174751272906
P94512494l,33.23431954288502
J58385372M,49.08294245702115
z11059333N,55.08144354043534
r13675823Y,33.940642063151344
O23192334Z,30.546334645374653
h72663703o,65.13526855856344
u39852752H,50.514454523596655
y75359172F,66.05980613142395
C63413357V,33.33744924987442
H-2218041i,49.74019149969017
S12392431C,63.79224404027619
c10273234z,80.56147503658227
J-1675931Y,27.79737939181528
r15326588O,42.238687596984235
O22786315O,51.94184581259408
M14034762V,28.259326517851232
d-8796835F,68.41409453674515
L-1687146I,34.620048194958216
a16452738i,29.579180685651494
e-1589877h,37.714685519846626
w-2228220D,51.818414952856905
v73920097R,29.8608961946558
B10305712m,41.75804654495913
w17382345v,54.89502667526661
h86663077a,30.59875623054171
d-1261412O,34.61270344101762
N-3542587r,58.01188819358355
q-1127410X,53.219136133808476
m-1248909g,31.818632743726347
Z-1350437Z,34.44502596753837
G-7472388v,39.687081660043226
K18306053r,32.26840647791978
t-1389922J,35.93793631199618
w13418612e,34.91251640104681
d11818528X,33.227197958561725
v-4393931r,46.16410947586875
a15124892o,34.655782335530276
l36861534V,43.84576323845313
P21146775A,40.79137151705033
B-8559176x,56.243207839960675
s-1233979x,60.38163912615046
N50018445X,40.832716343439344
E-4220998I,55.38013549095082
D28621238x,55.270485383403795
r35592741h,27.824147603241258
S-2179649Y,36.02561469492005
H-1135423y,51.60899720565839
J97849965O,40.19195157480206
W21048865S,40.65522300555236
P10539613v,57.80455500851518
r-6268123s,35.481311035908554
A19893808P,32.67193181975371
c12458019K,40.44899846354474
r16624906R,77.46515697066164
s-1701601T,32.641801412497834
l-2073691v,53.16016935294827
s-1227750Q,35.332615592021966
n-1588210t,72.56044342327004
L-1950271Y,91.1313870592609
L45819441T,42.9144839053821
X-1102199i,55.4737477820045
Y42307620l,33.40531105655984
c11493622d,31.939054560881274
s74743326E,32.143556856080984
v92032706J,35.11760146730929
l40017744S,63.098444343028326
F-1561156R,34.85441788323749
F-3458483b,62.4011288357209
Q-1573004E,57.7110401126583
I18762244f,28.708414479965732
x61993910W,34.561413594763415
f70384121H,58.71424226999567
b34607341j,56.743664496974596
s-1544537d,32.89889755242188
T-2651777L,28.779158453328453
Z-1690934p,61.76985247446292
z-1383208d,30.37496594443516
F-2091675H,35.559579338790584
p-1026598C,69.2660143808773
C-5229733d,27.014798389841708
t-5863497D,37.97973744044265
F14893199L,33.771375286631546
E-9761828K,38.766184274662805
r-3626163O,42.55332573399928
D-1975819d,39.331375934424564
n86645963R,56.57098855944358
I-6482386t,35.23097646715971
z11959313t,53.0748226720482
d19312186N,56.102386919102244
C11156821F,32.0941730095757
z19283639B,52.539410222414176
D-1246382Y,32.57313558591259
D14445025c,38.17624341471265
j25666218Y,58.923982511933474
E13352088w,32.6467913660056
v44596260Q,32.849637931404985
c13976633o,41.272473554976585
z16908407t,30.64491915183182
P15083043i,56.05120736966214
p-7727399o,49.22026268992753
W-8604738y,31.902218928723784
J22352968u,36.07965440933611
G-7187279a,57.38601292608071
G-1183057B,36.85712870859174
E-1556800P,35.30071606889399
N16753727A,37.51680107457937
U-1860241R,34.44192632520587
f92515288W,27.19106721725585
q-1553054h,37.258955627912385
d-1766392g,33.96887281302928
z-9268730t,54.36060852067483
D-1137759f,34.761003921584205
Z22301798u,51.53180601259386
d-2160500k,44.323524214100885
f80644426f,32.48748814314457
u-1069219e,68.48438518393252
V70870192k,70.96262141447481
M15122410M,32.44633134682959
F19935095V,35.74619949802907
m92437987f,25.564737561372798
o-1720442f,63.2441106664284
Q-2043032T,34.6343121186386
k15728070F,35.870517695521436
i-4298300y,57.81193849254353
C-1549576C,58.41485088183083
w-8322851c,49.96191561469401
H-2195683Y,47.69042564342474
b20675115I,37.485921108040635
w14143210k,33.446498179629735
s17437438h,30.33179968326998
Q12901548n,31.868381595116517
I23394317X,30.396044501774774
S10630331i,35.15491592295186
N15239751A,59.929244400072534
t11482362Y,29.073929050228188
c-1160907G,39.44397596168503
t17520024W,47.80395826192087
G16918724z,32.356006300651245
T-5518367u,39.23512325540601
K-2047259i,28.66681043921911
e-2894582l,24.898933166448682
u-6774973B,28.38861419006932
U-1642617V,46.22219990771238
Z19453799u,32.95711153243465
V80070476Q,55.19779117801933
L-1777501Y,28.189608586094273
M-3275863u,57.66229663448564
D-1131723O,32.080507947581474
s12292138c,28.2473102379007
d-2073713s,46.54894943545582
U-1440005A,35.87704706274556
D17587481H,57.34998254793172
O-2089662s,34.96002492924793
l-1247871G,64.63911133090252
Q48397067x,34.28051750086693
G18135304s,48.53885832173839
s52741082h,33.10322694294209
R37055375H,47.43115412205405
t-1505206e,85.16686571599044
m-7073285w,34.9730688342413
e-1963742G,35.36221084985559
R41701461o,29.151270224316697
P-1572930P,78.87019970789575
m19821763X,35.190395365854165
D-5247175p,46.704694926308456
I-4491426o,31.668241967492598
c-5796367L,60.6082050417285
D68676642F,33.88144124725993
B87840170Y,34.793089219504346
E-1074824O,27.701520698773745
L-2105285X,34.29694609917934
A18722372t,35.01225304104028
t-1655791x,39.12708228719692
R26898137t,51.70289445204837
x73165245L,73.78739641692088
H10144433Z,57.84843257471254
o-9460824A,31.09946798482526
h-4056890V,28.67170598792597
S71464104w,64.68378224116034
Q-3414660J,48.58202377208243
D24219627Y,66.58708408872653
g-5564720R,44.771831706014524
g-5327257o,30.09715673525168
z16965935R,37.31971654160741
W-5886969z,53.25608589878605
Y61608416T,36.69571206140108
H-5193657t,40.36339679579035
r14798824O,39.23082863615636
q-1329704C,56.455004115321785
W-1162613s,32.62618787811695
q-1451412w,41.83653900568486
s10825773A,32.81438450443885
W-1322764B,33.56966424904842
C-1335407d,27.53472110362666
Q-1854633d,34.55822767535594
j12033464t,32.36183989729365
x-1653730E,41.78550859919437
L-1459492G,29.427021547824182
A18622071d,42.65844251101601
G12921056E,53.16644070483591
M17587699m,33.90755774188997
H11201074S,36.89176979271141
g61901962A,71.93617977803723
W-3006427Z,54.87343797236302
f21354327c,34.166533863348775
L-1435343R,27.19939106165768
K-9089430v,58.03267127881433
u89834900L,64.31082260098401
K-6843993d,28.139464654328744
g19283665q,35.91970950118741
V21055732W,45.544764584201104
L20847256I,66.1918431607707
K20941520F,32.64101871046728
s-1506268E,26.825229120300225
s13306845G,79.49995432390645
t14118502r,32.79466944071983
l-1141377S,32.51298840478133
M63300651V,36.463346338515436
O-1741687v,49.96071841825247
J-1064181u,41.91231025539745
R-2596313V,32.68718801274173
i-1845254S,34.119848244524135
k-1573458g,60.32505799977972
Q-7165920T,41.43255456582348
K-7253573V,41.56634295748751
u-2045579o,56.38642640397525
o-7174642t,60.88302024626937
W38257448E,57.42956016727534
R15758843A,61.61737340686885
j-1164533d,55.79776967097352
K19878738u,57.426371118566
F-1356357a,57.50101963222555
s18773736B,59.63121219412751
f-2195380L,56.20328252915954
I16894729d,40.72176461818612
x73377373J,50.23669201483516
A13983367R,55.55036449446389
W90386436H,32.97568295079677
d-1208731e,29.774665326675795
E10689597V,58.63858016990878
e18535481H,54.08486971908948
C-1401160X,45.820898390307256
D-8642892Q,71.00730489547837
y-9607515v,63.05372737286275
R39433396K,30.090607264305135
o14616394R,58.683216788854565
r21184266q,62.68554957884719
f21015538f,31.80774240635359
j18832518Q,35.54251019975871
m73046504n,87.21554929774194
B-9791729R,52.66634723385329
k13021113b,37.05546439808618
G89078774t,54.60096871755416
r-1060256J,46.061601005800036
F-1410401k,64.44889226444901
S12437589H,61.66991732452297
o-1474795Y,45.95125789294152
v-6600194g,32.5048054831439
e69316734g,40.518371268506975
F14045081A,35.51023792277254
p-2049920L,37.557935164729344
Z-4995244V,45.30907735251725
Q28342682U,39.060278290756266
i20932780E,57.826737368658115
T-3474422m,28.737074532329427
A-2251370Z,34.85346898176703
a13118905A,49.762411429967166
o-5518912i,40.80610800577087
r13112137S,67.9625067787137
L-1172603K,33.596631064471325
F15323913w,35.8564280610536
b41466140L,33.177894337174415
H-1126826u,50.26868312839382
S80787227y,32.68906846037858
g62902770K,87.8213549910517
c21339742C,27.88251683645036
o-8291576Q,90.98998315125912
A16177147F,38.63004792863438
V-7911017W,48.920325514261066
I12484436u,34.89547586586411
u-2985309w,56.03246692502891
i-7675958l,46.18727820525162
Z-2003336X,34.07029309631044
R17548053Q,50.269995424465435
T-3625019V,47.30547652914385
G58798171H,35.95551857961124
X14239142s,58.75300662801863
W-1663352r,46.64580096204158
R10053414j,49.822262623734574
E11344405c,30.28789930871843
E41968356d,65.64246386379608
n-1774226C,46.89860298771206
v50135109z,32.114394453057216
v-2502243y,36.90418043758493
k81607148Q,31.335689497352597
y-1159389K,38.83183417732036
Z-9551096Z,34.397949699923466
z73398830W,31.030909536669505
S-2180379V,35.79745410157658
Y19585916c,35.268182662599955
F-1772949E,47.059972658786165
N-4056140F,32.70471452528351
M20457206h,55.40712334414659
f-2054559Z,42.43788872242719
C-1947908i,48.4575207998888
Z-1004053E,33.538784876808364
E16706596Y,36.751511718217884
L-1236498L,29.215250162571827
M21428480q,62.67840670942165
g34212838O,84.45421584110434
i77678921h,30.238994061732562
s-1993335Q,43.72806718090935
w-1217800P,53.53181386809882
m-4445026W,29.992008165807512
w-1020644b,70.17335297590186
r-1878207s,43.30887723089738
S-2803516o,42.08752526340254
g31689700a,82.83939841001772
L-3828198a,83.2068445992638
p-2023967W,40.16478815724185
R93384932a,33.915017315112514
o27482006r,65.81116034598143
o69465373z,31.36565560831768
x-2214584G,31.770723216664315
F16677411t,36.24317298733196
B-8278342d,68.91271599190654
w14795716n,46.450239700194
q21418139n,32.74713476379527
k58875945X,31.583328837549622
E10178721V,68.85080084748918
y54427123h,28.269197722712136
N-1116467g,52.05501953126866
L-1098436W,33.75052065141521
K15170901N,46.675043702665064
y-1741356P,37.926038676203135
z-4349749h,29.908098438926856
y-6566782r,38.84657332867572
T-1729770o,52.251374592213345
V-8483576f,45.76453724258679
a39440404D,31.506706157151253
i51467047f,57.183423700442376
H-1369852D,67.25458844539722
M-9668613M,35.140327564883194
q-1575533Y,56.76654806565415
F-2122411I,31.559851599497357
c-2121060b,35.50586124769948
H22186863I,54.9995245380906
d68073068W,51.90679897673201
D-7066589I,31.223297642974828
o11670334e,60.02103052358248
G-1501141U,78.75493958342392
x-6577654c,35.88075230533407
i22784686n,37.91785009358014
Q36627447o,61.40991560744146
a-2079734V,63.597736013295716
P17112537M,63.66192830831581
I-2947258i,28.988160514344795
d-7058280z,78.9729958651175
V-6734711I,32.848156593547884
x16070571D,32.86064092494044
A99628604w,27.762061352989576
c-3559292Z,31.320812034099106
D-1642232Y,30.65888659089071
H-2177827U,77.07392125254057
t43860654e,48.157966115993354
O-2567044a,34.742828244632506
y-1456481W,57.94010351045782
F-1311521c,30.338506592576152
W-1338521Q,25.3533691944732
S21521405j,50.719550099010206
j-9167677u,53.774123608517264
E22045798o,31.95564780738806
i15589390k,29.91842476964959
l15227760Q,52.433798669309326
h-6100646F,48.94930391906372
L-2071083z,34.85948714029001
Q-1583701a,31.265355886551244
J-1966936j,69.27120095163899
p97277001v,59.702601560177484
A-1959167m,33.415486218132564
b-1232634R,34.24756569358059
C14499779J,34.06351715470194
A-1900042l,30.911717477121226
D47614465T,31.02626529624417
i55328849i,62.77532420052154
L14501903b,44.8152047917557
U61603538T,30.745401679127493
Z-2000448T,34.24597357847232
V21733186R,59.21371001495926
x38176093d,32.640971061523466
S-1872523D,30.19485416235584
U-9105241l,48.89293430569531
d-1067020V,55.34721660613254
T13652201h,30.245473108511767
v83124010d,58.787856602294546
c-5320374q,48.8469873091096
P-5877829p,42.68588420469001
K-4097683X,36.95311617825173
X73607704q,43.66129541232933
d-1645612W,60.82109599401008
M-1949772G,59.47360870882483
d-9809366C,55.24377939322378
v-9133799l,83.37557609129351
j16496771g,50.47469906738894
p98074932P,70.24962648408936
G-1685085q,51.50131931457799
L-1156474z,56.40763187252349
n-7286817N,26.696117178171388
G17139758L,27.14507602187884
M-4377864u,35.975265506578985
u10884582m,34.95390956606245
c-1819930r,60.519221561213385
I-1016418u,35.67036120166364
f-8509753a,34.210502006953305
f10270915c,31.8783110793932
I50788104J,31.36719213409545
m-1618295c,69.52140269049403
Q11656086H,34.03123967882716
b17685766M,29.1682778928692
n19528133d,33.558066128310145
I-2222955D,77.3710218459168
U14909638n,48.665770041730596
P19518709T,27.356774112030752
V-1888434u,57.99347000457991
R53321573r,33.94596423105641
U12552466o,58.9550545689049
m21172670I,31.39366549077227
d71004474f,31.847701452727605
n-6003131B,31.28347520102433
w45505269O,26.213065444097836
v22456431E,32.64338315883268
D20302252H,29.36067948360983
E-1789284H,42.53520454340481
F21755120L,38.638335982198726
y-2096513h,27.91432140542771
X38064587K,71.57354063464412
j36860430F,49.60674383361111
M-1188559U,35.977518926174476
M-1057522s,75.0803370303421
r-1767573M,39.0942637284417
N-2165696F,30.168403449323073
l-9002229j,52.05487151578209
Q13796033u,58.538627777663784
E20487110v,38.84931684695425
U54007251T,57.55829560673625
k-1001578G,33.013859425799616
m-1316228Q,30.279330318999857
x38424933t,54.713635501621724
z42577454j,62.76607697162352
h15726678G,58.343188520959295
J-2100035F,29.65111752427275
u12997600r,34.38144895549988
G-1444514J,35.12837727361605
r80685540h,51.20812323697906
i-2886682y,34.343924553872554
U12958604d,33.83422338773402
Q-2285147y,28.01941924681432
d-5980296U,34.45797269822793
r-5694899j,48.44118074806142
y-3995748C,37.21595628828504
H-1417790G,55.003473582494394
h66072023A,48.893565437766625
m-8844106y,29.487028139585227
V-3922506p,60.23785490645254
P-7215920v,32.58516890635654
v-1334609Q,67.23745616513787
y-2901647k,29.463716870997892
P41449662O,28.06079114072105
N17048798L,54.945986009313536
o-3239309x,76.79253321842614
f-4517248O,63.713865818339215
i20236215k,64.54425743022753
c-1909821W,46.96469318403484
S-1058341S,52.48425772713723
Q27397166k,35.74140558938981
m-2234361C,72.05591509384666
y-1310937L,36.200681349543274
h11115340f,38.881429567889214
C-2095125S,32.90513649413539
H-1012725h,41.8271787491519
A-5953942h,29.57928333950568
b-5677746H,40.54521960125648
b-2174248s,30.375962416748685
J-1468143m,61.833749284868034
d-1590616X,25.66778295089375
A-2010794j,49.78752730840217
S10025512H,35.019697619514126
F62717656N,68.28922747149335
Q-9015964Z,54.809124716303096
e60616052a,28.845543522742208
O-1094429s,33.727830980679585
G-3730407g,64.88185905379203
W17258092O,44.72160408617847
Z-8046890f,29.308239767699895
C-1531638p,70.10026201608045
b16129006F,73.23245424089825
O20309077v,37.316794755675524
G-1150322W,79.2457657456367
v-1523714V,35.8901595429335
m41491349u,32.05665428052957
N-2592617I,42.127660119196925
b15147844G,47.585739844114016
J-1119809Z,36.01168454929035
x13343580w,30.889240123742496
R88463379h,55.41947234417029
w-5790710u,42.54507390737455
w20420004F,45.86175481164963
J-9110297t,33.3402406897562
E15110775p,53.787679659985464
j-8044553g,31.073670378649005
F16044963S,32.853198839878075
R91630921n,33.739423431690085
A-3836077o,30.07120156476715
s-2202835E,58.589765831207615
O-2222377Z,52.75364375090526
s22484554J,31.274271768775428
D88984934M,47.38421578399487
X19668940Y,47.26938196937498
D-1808806N,33.75015658446413
j18586699W,30.42610158423488
H69080088J,36.50955389792775
n12252517h,27.567749742051596
i-1711813H,64.04830059896535
S10721675C,60.06530027177849
X-2170601O,31.372189841962026
i97387429H,38.13904344229985
d22008645E,64.16256350234197
n-3455333h,30.325963431260924
B23739608U,26.700815007435022
F-4198459W,58.5173738965877
B-4284440k,55.82129191365254
G-6904316x,40.14226002364188
N-1095600Q,28.228426915093337
D-1029823M,47.94216836061246
d88026009F,35.23729060855886
P-1279354K,61.982645308198
S-2221955m,53.57452285673024
U-2195930Q,36.6274738109854
L-1748371J,30.52573580918309
C-1092574s,52.84129281756861
x78336615j,58.45567376493719
d22823530e,34.9435161929617
f-5599112Q,74.27578267555668
w12601279c,37.7729251711027
O12999011Q,27.25110815650594
D39654489v,34.371500584818484
G-1119002U,27.361883552062146
x-1331259n,54.035131990745754
x-1366202T,34.93992657628588
e22337672e,57.03971965847778
h11974580h,34.46649330970714
b-1924728p,49.10456011971607
t-8150753L,37.06278450940674
i16707497b,48.860210026369856
d40778348c,29.592020989312452
x-6745292f,40.44031542602423
Q-1197469B,27.366300506822895
y19339480p,34.76266640977463
E-1574398v,53.15807660316758
F-1541843G,39.14822157066992
J-1898029b,31.063661948062194
i-2267354V,54.20727978998386
z-1706928C,70.2044306611191
h16480906Q,27.175915729446928
b20875811r,55.40886617694193
g57509660G,59.16911680668062
i10233407e,34.14648219387274
b-1633141B,53.44501522688468
r44343477P,64.73338404971385
X10140728m,33.775816791468216
u60678999S,42.39000513096968
X66836862t,58.43786276776861
r-2626717n,41.10620739158569
l25990633r,30.950843907144254
o16159959N,71.1233719034957
P-8366433v,55.53154117729765
D-1742188V,33.76355122157058
q15163647k,33.04515635678702
m-1582917S,39.672864071761715
u15259964F,51.90488723895964
M-1332669r,29.972757651628626
F-2033009p,33.457092161876645
w15256527O,36.105961784263826
v-2214221g,55.89746393726311
u-8176531i,60.39771196033988
B44546931a,67.6109001444204
C-3329059P,28.975815977930623
z48466812V,37.259243286400675
N91717170a,51.54290436452411
h10197943p,30.09424968988543
f-1804114y,27.50095745251636
y65839268d,71.14722437125339
s20690018N,34.099256671500946
Z16406378j,53.96809227105989
r-6401544e,31.01562529999699
A74571031O,30.167743711488242
I-1022513U,37.57176853044648
M-1528828l,33.38348537695637
w-5395626f,51.377820015753855
U15424894F,29.92296930449503
X-1521550g,35.88230014431629
b-1756095Y,56.46456957171503
S-4942615g,60.49331015004384
a-1170299l,34.20225096089207
W20898223q,55.2066703691132
u13780325P,41.3200732682668
q35175771e,37.326224113633366
K81291347a,54.82177453276783
G15557106t,62.022709750552806
y21647488o,36.6275199240298
O-2154805o,56.10870656119435
D11355691L,57.86819313988434
t60412618s,26.676816996492157
M15952724y,49.6896193443615
k24372320c,63.655851766415196
J16859061o,36.370339998460075
M11049568F,28.94606457071364
z11525648X,36.62415005010917
u41400760y,105.05422593591757
V48666541E,38.78508259927688
t-1305628R,59.492873495311706
F20989471t,30.353198340001526
G19704655v,58.67121453241733
h-1084715m,67.05548160158628
X13848460A,61.60956789693043
H49107775b,37.50333278455047
V-2127600s,28.723654276209487
M-2221760V,37.89538228600791
w-2040826k,46.88217895227138
Z15550264W,74.53515527009105
b-8727186X,60.465695630032485
g10838650B,33.617549948105385
d19534101p,85.3685218493425
j-8523085j,32.19041821870824
Y-2259833v,74.19225859767705
y40076926G,33.36799210443878
m21197630U,64.0203351007732
J-9282883I,102.32202279375942
y-1593526o,57.710850898629005
R18548797W,84.90890698685419
M78454309n,34.552241408769476
H-1952766q,49.544564865023354
O-7318695N,37.174531540560324
Z-1382353b,33.84628099367857
y33995729F,65.92770560813908
A-1931285c,39.7317206868698
b-4023465w,60.650472839231796
y28247093F,60.94412680483634
b-2099867z,31.649842619174144
N13810671e,60.08622475787181
M-1208274P,28.83473155395719
E94491875l,40.23510454754604
p14296940a,46.65958790082408
e-5032325d,35.29625495396236
f-2278644T,34.554197196848854
N-1449511Y,62.26086227263358
R72473068v,55.69404363629418
K15727484r,60.60058958312779
x-1530392k,53.05831731989104
m14032324U,40.06865076865783
o-3502321X,33.404204959985606
M-9369867A,59.14524908553817
e-1176726O,61.419647137965555
F-8971471f,36.733625015200076
w16001206y,34.001899301228086
T24942626H,34.125090146137836
Z-9250568A,40.67198092246449
R20946794F,66.24135566952287
y-3708778R,48.874420469723844
d-7461024X,56.7033164377323
r-1304067j,31.02642606457601
M-1727464u,26.077320808802213
X12353297J,30.2719944415999
t19399198h,65.09684795505339
a-2221133L,56.65818341002663
n15134422D,92.90037616601265
e-1041702t,65.19610235313642
Q-1108615n,53.24774192703967
r67742622z,39.34672600052579
Y77630283F,47.9124588982988
I-8740476B,53.80784783623207
f12831819d,33.44255335677589
y-2117938S,32.03459312800745
X13552128w,62.200864937255076
m89915934c,33.27015275398418
u12923191V,35.319274871315066
g64040787A,26.938725413730246
B53432209f,32.544786586701136
Q18090458O,36.58534135649978
v11087640F,62.44250679839593
s-1018199L,55.013363740135176
T15119744o,36.95413587809544
E-2442116D,35.07601463878373
l93168360C,64.4257393642679
Q52925581k,36.9581113448463
k11571129f,36.41639901578243
K18787489X,39.67678395470906
i17417440r,33.21035597710875
H-9338402M,61.70023355066279
e18576123A,80.62293939717142
L93331905w,59.98786994890548
G18790404J,28.794859614387853
H19063606t,52.185837776326345
A82111385d,30.31517039335762
l96257336G,31.15758484903411
c31569057o,41.1192673571517
O-2283230Y,29.979732818102086
B-6097000E,30.474201095050095
s-8423183t,63.598013662192976
p16672632d,34.093905558397346
J11698270E,58.87080162468409
G22172959I,41.81734598911093
I21909345v,30.749852384069634
m13540768n,36.246132202820945
N-2047707A,58.54449002599903
q15473703P,34.21676688634719
b28091206k,34.84098043295087
d-2060227V,59.99249743661563
D23788223O,32.777467040290915
k-1947529W,53.938751317988576
b-9715554C,41.22759467998176
q-5271670J,64.4271497077755
u12970971g,49.082904344638756
n-6059768d,54.46701162241065
L22185348p,42.79642643072588
O13331241u,49.36483034259604
L16141312N,26.90195414433944
W38697890A,30.48500858251414
u-2120761B,49.56978746517301
c66464279D,60.44482970207968
e13156563s,28.888370419717802
T42238184L,31.244344100005385
D-1336442P,32.14583417536831
E-5337479S,43.43660954268821
X95516419Q,31.07647284804588
H-2355000g,31.45164687127418
s-5301854b,76.63669226205411
u-2940182P,29.41561947171012
G-9079594w,39.05649933305016
Z20606311h,59.79224366989912
t-6922750L,33.7340175899358
Q21391218q,27.748139261931332
u12977186v,58.80314610911278
h13802624r,53.67496420578938
I-1538597J,48.18535140677071
X11025811v,38.19673448536973
S-2294339s,71.40487659377176
g13118176m,53.640876765477714
S21991071M,67.48917252019025
L10129399Y,53.13895240106663
Z13161380J,36.44643001282705
J-6052671x,32.256560690961344
e11908473n,37.12515580148866
U-1131662Q,34.3707808218014
h54754410l,34.18360171247644
w68053735H,52.35267720587511
A31292617m,58.40001140846216
V45384349q,39.6715485982031
k-1087627k,29.436652448480324
Q-1888317Y,32.2176527815292
Q-1456372K,30.854821553876494
S19572879o,29.302290493922207
j13287780b,26.686708913911527
X-1427883w,53.94089773650296
t12980699M,34.020620640807294
K-9081250O,32.26523973778758
N96928373A,51.98948392682675
r19349335d,60.571074733632216
D22898421E,30.85677674622348
A-7650056Z,37.10084994864147
B-1572757V,27.698265347625917
D11212854M,30.138855233325536
H62136397R,62.75126633987614
n16749457W,31.50003356505167
c-1411220k,35.30588960890059
g-8950344h,61.06311030336437
g28465883Y,29.10967580781447
O-3470382z,30.618838908888613
C-7657933N,28.051798421473965
n-7904705X,46.612001533976695
E-2002668A,52.29359451296754
E15401424s,51.46400847841259
Q-1558145Z,54.65683589514249
j-1474542d,51.761621764687206
J51767292L,30.125104119924423
M-1609284U,34.44067382997477
O32025767k,48.00992715014021
G-4998152Q,30.450662516405345
d-8684879I,59.57381390912582
c11762411c,34.80643324257422
T61957630q,49.07160902046688
e-1246632H,37.701496433677825
a96529450S,32.67805140873812
m-1300432a,32.5298265125121
H-1232380o,39.787774309596095
U18643336W,39.88707997570031
E42133174Y,49.17298100125884
N-2173692X,56.202122590978725
O15299283X,38.87489496138077
Y11513708Q,50.7619203674527
I14426935X,31.33385332969167
L-1576450f,29.783817152052563
L-2066997I,58.213235739897186
g20198311v,52.51819313988795
K-1750463c,34.207081263624445
A48818516t,33.04444569165433
b12102660G,69.23843024434746
C-1721101w,66.5475776381921
L21617225g,52.96092609158697
y18690561q,34.8693077970918
Z-2044688T,57.01015874615919
w-3300489y,35.674915845188494
o43682483i,39.35762341871039
p-2177230P,55.509801849181756
d53962651M,45.38321963346482
h-1079130a,55.67223351487806
d-1063018h,53.524735408699264
e12616376T,72.7684464427206
g-1997866b,34.46735669348651
p22351271i,35.14573363978424
s18801959g,54.68541795590801
W-1146682H,51.86252229006665
Y21010106g,32.7811733733614
N-1493098E,35.19920903278556
a16757494v,36.231252154299
L31333870v,33.879515373510785
O-1116026m,38.24731685388567
a-1327017v,72.28984279569863
J32481265i,35.24710514895949
u-7465003y,57.607870043306946
C-8282660x,63.733459102896944
z-1194508g,55.44093133500948
M17131119X,38.41157402608324
A16430015I,40.39776234794184
T21560454W,30.580771965658016
d-5044364D,33.46548188030091
A-4567027H,30.968853573683333
l14731037p,30.154202308645
j21216284z,29.14636684785604
w18663416B,57.102061862324
N-1067764s,51.157310580913105
a96316507d,41.4282486593282
Q-2863519f,36.070410133349455
R-4412745F,95.5732648246802
w-2100178z,36.55834072045084
N12140841u,55.41363461382916
v-2217035r,55.04203535912073
j22675199u,28.214940555758215
Y-2060323c,35.11870138553039
H-9946877t,33.65429913067133
V24408620j,51.03693940090232
D20994817l,30.532778162831843
d-5916656a,51.888329861775325
r-1888435Q,55.27594843496739
s-8011046y,54.83135450558337
l-8338225N,37.26181089248706
N17651234L,79.23823893508043
t-1660621F,31.312847441460654
A-4300243z,33.985610210001624
Q-1531120K,69.06476019216433
b14483061v,29.819283897726578
p13496102g,36.84425522097238
f-3084055k,56.638763710186865
b-7106735g,32.75433503116103
B-5818398M,56.11485116737452
k-6134216L,62.39698714337056
q-8983496T,29.556007408225142
c21152319h,32.05058492575458
u22537189s,33.30803854682451
S42898575W,40.24640447017512
u-2592615u,60.69116946124744
U15973213W,37.420588380453495
a-1555492o,25.557111723130514
T17948597q,45.140976656224595
K-1596430s,50.85363172981859
t70806905i,56.87773902866007
Q-8927952V,57.36751197083513
b-1699417D,31.749019052286968
l-1528999M,35.86755608170094
i-1075099j,60.884187313154854
g-1203735u,58.30981552683054
N68342352J,50.502092052692184
t19684834s,77.89604082274707
P28960538x,28.53915296707517
k70721764Z,51.539387924635584
P35164993z,79.49065560528243
v-1084231t,34.56995357655808
P62164543W,38.58829979547153
V-1603027E,87.59923254538575
r-3939023a,34.0346823027614
D-1008484E,33.815828301902854
Q-2192864t,31.880689394599752
m97152459x,39.56792226035204
n79502261g,65.78207193976743
I-1934004o,37.95906168402873
w-8712305w,100.08914250560915
t19569988O,51.18473386105968
w-6743502g,54.863674209532945
e17224457A,34.58109884356169
N25093826z,54.52453197848061
k53344668C,30.62773205441371
c18837598f,45.17442306892282
o55235221X,33.11971562228257
x83440968Q,29.745599174871337
a-2129214S,31.82961264102355
O16337155M,53.89152562228959
o-1780770o,33.56763352828562
O-1008421H,52.25697049188717
a33313854t,29.63199724908644
M45840955U,45.1749331650084
q22701640I,60.64500740005367
J-2186173q,58.34713750497458
T-9875021z,62.568254999144116
B16049866X,34.84795643316889
i19613288g,50.77126466021958
P52156891U,36.06951094442278
q-1768505B,51.35528470106098
D-1867285e,37.9518613214346
l-2092770w,48.28117914844863
Z15287780R,56.047757467364825
O18471034K,65.71550781757709
p20324322c,39.22753026994364
p-8776685b,46.863454687341964
A12568692Y,39.30313278005017
G62487539y,26.67172647564912
y-7520188c,56.341278040392574
U-3855489z,35.555523711975965
j47796305l,30.735042742667765
S-6466908z,48.00672924187135
Z-2472770a,39.08739654205726
B72054123K,39.22276530517912
P63973841b,31.21165114363523
u95341442h,39.0712039148943
z-5617263I,57.87138353819194
s-1440522g,35.65604349885946
w-1350890O,51.35134842748123
b-1785569X,30.372035559901853
N17581389s,69.880849973869
Z-6866329f,38.395586331926175
a15357539b,33.541399438592265
y-1168665M,32.379095692820194
X-1688379x,36.874093275172825
Z73577393A,98.180199620552
r-1140095D,34.63020211357472
k17692433t,31.215642478525226
a-2924229p,32.92013798965411
I19994305a,60.34744013338919
R16189354h,39.366506887628034
f61508634I,35.49962563459503
S56454866u,66.31614797384105
u-2542978x,41.73469493224343
p36642359W,33.832059832450916
z22596029p,68.17007402836701
j13578702a,42.23562308470252
m41690051B,29.722448130446157
C-1990447o,51.770375949224665
f17350995b,57.82869706596274
A13722291q,54.35556563208601
c-8926473m,32.906805997723595
R-1161362E,91.79564912663118
E-1829228V,41.58055573349967
f-1106666p,48.25335156502963
B-1345652W,31.27785869944249
e-3819053E,49.77869976129265
H12470081t,50.71196007300767
Y-2395041a,31.266682316643255
m-6830168g,53.429899921996466
n-1048550o,46.63011016463322
p-4620845q,31.607273851633757
z-1908457z,89.11636509124575
r11798594T,31.089393365215855
n-1078109P,32.11152129206923
g21697086z,35.590928140989455
i-3020701S,33.832300845869206
B51449710T,30.878526529649733
G17715538Y,37.019899000519864
d85134463X,32.305199437945234
M-5383474I,55.907799212277425
u79799419P,31.909685526987978
h20236568A,107.27718668032341
Q-1319605b,34.658517632919754
d-1613102p,53.619057669398195
S41123157J,31.030611999372535
x-1174319N,44.39781295886532
V-1073406u,35.30223281947805
V21379614l,62.253969700780466
z-3747302L,36.5892138859414
y-2605432W,36.16295405801751
g21854185N,34.850097352894586
E98324062j,45.84188388828807
Y97110971P,63.37870280381998
X-3262812p,41.169665175702974
H-1041344f,29.14441352130794
c96102825T,35.18436968060357
F-8514150E,68.27338063702368
n14484446O,33.322648498601126
H72378904z,29.95740238215776
U22558213g,28.332470095780554
e-1228757n,48.38718890450635
L-5297416Y,43.22853993500726
j-1143057h,35.07497932909682
p-1573015A,27.492999285451088
U65662686c,34.52379076373148
S-4820484y,36.10134499724478
g-8761468w,68.95740390674234
Q-6145494U,29.895601322798598
W10708735F,30.327034205845436
p17325319H,83.51167133087783
F-1510394i,77.7601676618008
C58608888l,34.08566728000819
d-2253716j,30.252800932650445
x16453445a,67.72088972719939
I66859230r,31.206022541722454
P64817824s,80.69384010080722
g-1168593W,51.574436763170155
K22750834U,58.82832517872948
I-1242074u,58.79346494413085
F-3351081U,33.57138485394965
F19447831G,29.654419044473457
s-1689007T,26.529978207229455
k10152000a,39.843688837466786
H12617664T,48.99376398411322
t-1064471J,30.397680702580836
t-2197360k,56.25390660753572
d-2120346e,31.6845232936788
O-1642949k,28.535600881067847
Q53125922U,29.97871281360351
b-1461155F,52.792852299474774
Q39818857Y,31.248725406907162
r62935175h,29.183397410598815
W-6196754y,90.22508700024056
g28641563H,82.62005573590912
j11454423o,58.32979818465754
F-1666827W,42.97541655851464
A21999620z,43.70091179722021
c75592211G,70.63394773867334
L-1701832m,69.26335079985024
k18648690J,28.9205638821158
h-1998519z,44.55072211883412
U-6212557F,55.60707083115638
e-2299648Q,68.73957183353994
s-1139976I,34.717875157594385
K-8425830Q,31.250781298963652
d22617101F,36.90202369767857
D17905231R,66.16587552973306
u13437959M,68.6984614778818
Z-9946732U,77.60728182949926
K-1500884y,30.51039929361775
c-1794298L,66.37049708763263
M15430763y,59.66229942901666
p-1264204Z,32.99478476414171
U38299579G,29.992989763197958
c56523775V,33.16928354908816
T38194151F,35.63502271709871
m-3164602H,32.262099634502746
n-1234064Z,34.895239645835034
J-1156067J,39.19159124275828
f-6526492s,89.46491704639249
l20269048F,26.891380631194952
B98720158A,52.776931586335614
C-1753458i,34.08791039788846
x21906434L,51.676618554269346
i13542684X,59.980800047234126
u-1875498r,52.4664055005147
X-1879171y,30.58613657486066
t21801419s,32.91884766409811
L21647080y,30.32312152638083
h-5026863d,81.01491627202593
T-3466939S,50.10157028463995
m12662735d,32.6670388230322
t14261623o,57.53515313660288
n-2837743g,44.31422908794633
e-2154304r,42.34828778254349
N-2215366J,40.645727154336434
g-1249815S,62.38924187821802
W-1215684E,27.675871355391788
A11461567u,63.048948553858466
L16034991d,56.44688725226972
L-2243568g,64.54123404261976
U11614816e,54.37813136194505
h-1908691k,58.85986196208082
S-1588766I,34.504079310783446
i-2841469F,32.6912841515712
W12646665I,37.27943911063622
P-2897916I,51.63976063208509
q-1324803Z,62.27356226833594
A-6570552N,27.539783314776052
k-1985555z,29.544293970845402
k13077603E,42.67512535034852
H11107062P,32.6639858947616
u-1297698j,38.57076807131188
R23868498r,53.27386731646612
N-1923238g,51.59164958946098
j-5320438l,33.600415555456244
M-2097633r,68.90465483111637
U52942046Z,33.32756960140632
h17001071q,57.82817011575747
R-1401948E,33.53239941028306
a-1738562d,32.185782301102556
R99178335S,47.06563674326215
t19157053h,28.52102369817711
m14758475e,36.92541941697886
B47711748K,58.311065652942816
t21884438y,40.743653890488964
V-2454314m,73.12146074358603
Z16920973J,32.66971322169654
b13641719v,56.42866290600769
X13092819Q,69.29222535419638
r14567820H,34.99207513638246
a-1296325M,48.88566280896112
v-1923353f,53.75264300632094
P75675086P,31.730572608905526
H-2270745P,44.56238957715921
f-1963567i,35.85258720170327
C19974180h,68.21970830683492
N39559408S,34.230471654898494
P-2227204H,32.62297706008776
P13046593R,35.77378132553897
k72805610d,37.65786289535591
N62378224U,35.27500672844318
j-1956405K,103.91112962801077
Q-1492285k,58.791865619760564
Q11700844e,53.649575678554605
E-3042252G,74.00587743632647
q-1872858i,91.46676016162553
h-1344515n,35.93196293310821
O-1383891v,30.27500690760324
X64881130C,34.72714884027256
U19015371f,36.24110071862521
R69641219y,55.65498166102888
M25907433E,29.2825757132741
e-1885009l,70.09328047170357
l-1959164P,34.808673152266145
M-9949056v,33.72673437310263
d-1302572o,56.83308935230122
f22323125D,35.82919526688117
d10736354y,53.711721391718676
w-3928877y,34.00686780738721
y13551852I,30.864849927543005
p-6352560b,31.536547639461862
i11460685H,29.485612308922867
r44913393N,33.15202248305139
S11426971O,34.76042797462313
S-4753227p,31.787381946674262
Z-9466103x,80.50756692388867
b86382646t,47.04015694396888
T-2294411h,34.00484259889027
f13646346O,36.672910472584164
k12390619M,28.871138389165424
p14822094P,33.055776282916945
y-1267351r,31.354008540643814
r10427446Y,45.096548838115
Z21148829c,32.38713187797437
w15143755c,80.82427226599924
s12154911r,29.648558148253336
y76872086H,57.25430402385599
p15590759i,54.90857006150932
z-5067315t,53.54332509985531
H-1836769I,36.961657139956806
f-1042769Z,55.0886010641609
f16491132W,36.250430857015076
P21644134e,34.718281349439465
o67669876a,57.38068165245897
h-1414900L,39.621132056732854
i90456198D,34.62133863988576
B-2199737O,55.49166334470226
s-5157124G,61.046340602820536
q20798329k,52.23750252605398
b-6366825A,33.17368703336517
o16666830b,63.50241362673884
H-2456490y,26.518455494163042
p17190552s,35.21659214270122
P22575706L,32.86506666747428
W19937723D,40.34268182694393
p-2060516y,45.37534250488521
x13966371T,58.46069674812016
q53435481a,32.740762528558086
Q-9617805F,66.76682024772435
N59793228F,28.91497389401877
M52666824i,55.327495361590934
T-1009246T,32.35745127513168
f11409987C,49.01933428452389
z-7198780T,28.69526522398136
k-7951300Y,32.43529726031915
J19069143E,37.41574511882909
b-1597167C,34.998893274523724
O-6623929C,41.26337914474278
F14674957T,36.51075980913306
t82296586k,46.890036771808305
Z20453566w,35.92039532124511
J82279855E,29.764569942144263
n-2242535p,37.9359974556456
V-1226312R,26.959213578883723
v-7763664j,26.187658238448215
h-1179139J,30.35859121352867
x13640960Q,66.82732128921992
Z-2276652N,51.0356429635161
F-2165841B,31.87693879144028
x-1331529J,50.77544728073717
J-2127749D,47.99078777981631
